{
  "title": "Smart Target",
  "description": "Enhancements for the targeting feature",
  "version": "2.0.1-alpha02",
  "authors": [
    {
      "name": "theripper93",
      "email": "tsplab@gmail.com",
      "url": "https://www.patreon.com/theripper93"
    }
  ],
  "languages": [
    {
      "lang": "en",
      "name": "English",
      "path": "lang/en.json"
    },
    {
      "lang": "es",
      "name": "Español",
      "path": "lang/es.json"
    },
    {
      "lang": "ja",
      "name": "日本語",
      "path": "lang/ja.json"
    },
    {
      "lang": "ko",
      "name": "Korean",
      "path": "lang/ko.json"
    }
  ],
  "scripts": [
    "scripts/main.js",
    "scripts/smartTarget.js",
    "scripts/helpers.js"
  ],
  "url": "https://github.com/david-a-rivera/Smart-Target",
  "manifest": "https://github.com/david-a-rivera/Smart-Target/latest/download/module.json",
  "download": "https://github.com/david-a-rivera/Smart-Target/releases/latest/download/module.zip",
  "readme": "https://raw.githubusercontent.com/david-a-rivera/Smart-Target/main/README.md",
  "changelog": "https://raw.githubusercontent.com/david-a-rivera/Smart-Target/master/changelog.md",
  "bugs": "https://github.com/david-a-rivera/Smart-Target/issues",
  "id": "smarttarget",
  "relationships": {
    "requires": [
      {
        "id": "lib-wrapper",
        "type": "module",
        "compatibility": {}
      }
    ]
  },
  "compatibility": {
    "minimum": "12",
    "verified": "12"
  }
}